{"AD_score": 704.1959976314145, "KE_score": 0.02845242298607583}