{"AD_score": 231.77562695279704, "KE_score": 0.2352032522130608}