{"AD_score": 216.0479554739477, "KE_score": 0.23455583708437794}