{"AD_score": 1143.5147496172863, "KE_score": 0.03105871245346817}