{"AD_score": 1144.1653432659919, "KE_score": 0.024084221407491137}